"Accessions","Family_Name","Longitude_lan","Latitude_lan"
"IS10060_PI563334","Atlantic-Congo",-1.96187,14.046
"IS10105_PI563338","Mande",-3.25128,13.1027
"IS10139_PI563343","Mande",-2.72732,13.1811
"IS10162_PI563348","Mande",-3.58355,12.7178
"IS10168_PI563350","Atlantic-Congo",-1.32,11.95
"IS10186_PI563359","Atlantic-Congo",-3.336,9.96122
"IS10192_PI563364","Mande",-0.78772,13.7206
"IS10195_PI563366","Atlantic-Congo",-3.0124,11.0441
"IS10278_PI563377","Nubian",30.417,15.083
"IS11010_PI329252","Pidgin",38.7631,8.96543
"IS11014_PI329256","Afro-Asiatic",38.9266,15.3359
"IS11043_PI329285","Afro-Asiatic",42.1332,9.30485
"IS11057_PI329299","Afro-Asiatic",39.75,14.75
"IS11068_PI329310","Afro-Asiatic",42.1332,9.30485
"IS11069_PI329311","Afro-Asiatic",42.17,5.76
"IS11074_PI329316","Afro-Asiatic",38.14,8.23
"IS11076_PI329318","Afro-Asiatic",39.5605,11.5764
"IS11077_PI329319","Pidgin",38.7631,8.96543
"IS11082_PI329325","Afro-Asiatic",36.7365,8.81391
"IS11096_PI329338","Afro-Asiatic",39.756,10.6596
"IS11108_PI329351","Afro-Asiatic",39.756,10.6596
"IS11151_PI329394","Afro-Asiatic",39.756,10.6596
"IS11160_PI329403","Afro-Asiatic",39.5605,11.5764
"IS11222_PI329465","Sign Language",38.8534,8.9761
"IS11227_PI329470","Sign Language",38.8534,8.9761
"IS11230_PI329473","Afro-Asiatic",38.1732,7.39014
"IS11231_PI329475","Ta-Ne-Omotic",35.9498,7.74852
"IS11232_PI329476","Afro-Asiatic",38.3729,6.74176
"IS11236_PI329480","Afro-Asiatic",38.1732,7.39014
"IS11257_PI329501","Afro-Asiatic",38.8258,8.01148
"IS11264_PI329510","Sign Language",38.8534,8.9761
"IS11269_PI329517","Sign Language",38.8534,8.9761
"IS11270_PI329518","Afro-Asiatic",38.3386,8.10617
"IS11292_PI329540","Afro-Asiatic",38.14,8.23
"IS11297_PI329545","Afro-Asiatic",37.9891,8.11879
"IS11301_PI329550","Ta-Ne-Omotic",37.4412,7.79821
"IS11307_PI329556","Afro-Asiatic",37.5742,7.53825
"IS11320_PI329569","Pidgin",38.7631,8.96543
"IS11321_PI329570","Ta-Ne-Omotic",36.1718,7.34022
"IS11334_PI329583","Ta-Ne-Omotic",37.4412,7.79821
"IS11359_PI329614","Pidgin",38.7631,8.96543
"IS11362_PI329617","Afro-Asiatic",36.7365,8.81391
"IS11377_PI329632","Afro-Asiatic",36.7365,8.81391
"IS11389_PI329644","Afro-Asiatic",36.7365,8.81391
"IS11390_PI329645","Afro-Asiatic",36.7365,8.81391
"IS11407_PI329665","Pidgin",38.7631,8.96543
"IS11435_PI329699","Ta-Ne-Omotic",35.7673,7.04682
"IS11438_PI329702","Sign Language",38.8534,8.9761
"IS11446_PI329710","Afro-Asiatic",39.756,10.6596
"IS11548_PI329813","Afro-Asiatic",39.75,14.75
"IS11572_PI329841","Afro-Asiatic",37.0542,12.8119
"IS11574_PI329843","Afro-Asiatic",36.6916,10.9819
"IS11579_PI329848","Pidgin",38.7631,8.96543
"IS11593_PI329864","Pidgin",38.7631,8.96543
"IS11642_PI329920","Afro-Asiatic",41.4395,8.67428
"IS11887_PI330167","Afro-Asiatic",39.543456,11.708182
"IS11901_PI330181","Afro-Asiatic",39.543456,11.708182
"IS11904_PI330184","Afro-Asiatic",39.543456,11.708182
"IS11912_PI330192","Afro-Asiatic",38.8352,12.4479
"IS11913_PI330195","Afro-Asiatic",39.75,14.75
"IS11914_PI330196","Afro-Asiatic",39.75,14.75
"IS11917_PI330199","Afro-Asiatic",39.75,14.75
"IS12080_PI330796","Afro-Asiatic",37.9088,7.37582
"IS12082_PI330798","Afro-Asiatic",38.14,8.23
"IS12087_PI330803","Ta-Ne-Omotic",34.647,8.568
"IS12112_PI330828","Gumuz",35.51,9.98
"IS12117_PI330833","Afro-Asiatic",36.7365,8.81391
"IS12122_PI330838","Afro-Asiatic",36.7365,8.81391
"IS12135_PI330851","Afro-Asiatic",36.7365,8.81391
"IS12142_PI330858","Afro-Asiatic",41.4395,8.67428
"IS12246_PI337674","Afro-Asiatic",42.1332,9.30485
"IS12248_PI337676","Afro-Asiatic",38.4646,4.44624
"IS12250_PI337678","Afro-Asiatic",41.4395,8.67428
"IS12252_PI337680","Pidgin",38.7631,8.96543
"IS12256_PI337684","Ta-Ne-Omotic",34.647,8.568
"IS12261_PI337689","Afro-Asiatic",41.4395,8.67428
"IS12336_PI563482","Atlantic-Congo",-16.9205,14.792
"IS12339_PI563483","Atlantic-Congo",-16.3916,13.8941
"IS12357_PI563484","Atlantic-Congo",-15.383,15.2534
"IS12367_PI563485","Atlantic-Congo",-16.8816,14.9387
"IS12374_PI563487","Mande",-7.65,12.9
"IS12380_PI563515","Mande",-7.65,12.9
"IS12411_PI563489","Sign Language",4.72799,7.78559
"IS12420_PI563492","Atlantic-Congo",6.3745,10.0823
"IS12562_PI151198","Afro-Asiatic",39.5605,11.5764
"IS12597_PI155541","Atlantic-Congo",33.3738,-11.3297
"IS12676_PI285039","Sign Language",7.71578,11.06693
"IS14461_PI570917","Unattested",35.63369,11.94153
"IS14567_PI569012","Afro-Asiatic",37.0542,12.8119
"IS20043_PI514456","Mande",-12.8009,13.5677
"IS20074_PI514610","Atlantic-Congo",-12.4796,12.7531
"IS20151_PI514617","Atlantic-Congo",-15.835,13.213
"IS21519_PI521833","Atlantic-Congo",33.3738,-11.3297
"IS22242_PI510907","Atlantic-Congo",24.7587,-24.368
"IS22244_PI510910","Atlantic-Congo",24.7587,-24.368
"IS22263_PI510931","Atlantic-Congo",22.72016,-24.9208
"IS22288_PI510958","Atlantic-Congo",27.42009,-23.40552
"IS22295_PI510966","Khoe-Kwadi",26.0158,-22.0237
"IS22297_PI510968","Khoe-Kwadi",26.0158,-22.0237
"IS22308_PI510979","Atlantic-Congo",27.42009,-23.40552
"IS22318_PI510990","Khoe-Kwadi",22.9088,-19.0966
"IS22336_PI511008","Atlantic-Congo",22.72016,-24.9208
"IS22359_PI569805","Afro-Asiatic",37.0542,12.8119
"IS22387_PI569833","Afro-Asiatic",37.0542,12.8119
"IS22388_PI569834","Afro-Asiatic",37.0542,12.8119
"IS22414_PI569860","Eastern Jebel",33.9797,11.4674
"IS22423_PI569869","Eastern Jebel",33.9797,11.4674
"IS22429_PI569875","Eastern Jebel",33.5677,10.793
"IS22440_PI569886","Eastern Jebel",34.3816,10.9291
"IS22897_PI570119","Dajuic",25.22,11.13
"IS22898_PI570120","Nyimang",29.4332,12.0993
"IS22900_PI570122","Nilotic",33.7494,10.4349
"IS22903_PI570125","Nubian",30.417,15.083
"IS22905_PI570127","Nilotic",31.8392,9.27995
"IS22908_PI570130","Nubian",28.5901,11.948
"IS22914_PI570136","Nubian",29.2074,12.0542
"IS22923_PI570145","Nyimang",29.4332,12.0993
"IS22927_PI570149","Nilotic",31.537,3.9613
"IS22932_PI570154","Kadugli-Krongo",29.11903,11.39119
"IS22936_PI570157","Nilotic",28.0613,8.81115
"IS22937_PI570158","Kadugli-Krongo",29.3889,11.2064
"IS22939_PI570160","Furan",23.6401,12.0455
"IS22941_PI570162","Bookkeeping",31.1244,12.1797
"IS22943_PI570164","Nubian",30.417,15.083
"IS22945_PI570166","Kadugli-Krongo",29.3463,11.0174
"IS22950_PI570171","Narrow Talodi",30.341,11.1254
"IS22969_PI570189","Central Sudanic",29.0002,7.45616
"IS23008_PI570228","Heibanic",30.8092,11.0963
"IS23013_PI570233","Heibanic",30.3824,11.3915
"IS23017_PI570237","Nubian",30.2709,12.1554
"IS23024_PI570244","Nubian",30.6782,12.474
"IS23028_PI570248","Saharan",25.83,14.67
"IS23034_PI570254","Atlantic-Congo",25.9024,8.38023
"IS23035_PI570255","Dajuic",25.22,11.13
"IS2304_PI570539","Koman",34.2457,9.50836
"IS23040_PI570260","Saharan",23.4626,17.4842
"IS23058_PI570278","Furan",23.6401,12.0455
"IS23064_PI570284","Nubian",30.75,18.25
"IS23068_PI570288","Dajuic",25.22,11.13
"IS23072_PI570292","Furan",23.6401,12.0455
"IS23074_PI570294","Nubian",30.417,15.083
"IS23076_PI570296","Maban",22.1752,13.2733
"IS2319_PI570570","Nilotic",31.8392,9.27995
"IS24694_PI585379","Afro-Asiatic",36.6916,10.9819
"IS24699_PI646200","Sign Language",7.71578,11.06693
"IS24733_PI585394","Pidgin",8.4331,11.989
"IS24734_PI646209","Afro-Asiatic",9.32363,11.1701
"IS24748_PI646210","Atlantic-Congo",11.1188,10.9972
"IS24753_PI646211","Atlantic-Congo",8.78768,10.7229
"IS24799_PI585405","Afro-Asiatic",13.139,10.3544
"IS24811_PI585411","Sign Language",12.28484,10.478601
"IS24817_PI585413","Afro-Asiatic",12.7683,10.3633
"IS24824_PI585415","Unattested",10.73936,10.30573
"IS24830_PI585416","Afro-Asiatic",10.4204,10.1609
"IS24843_PI585423","Afro-Asiatic",10.2746,10.6274
"IS24856_PI646213","Afro-Asiatic",9.065,10.03
"IS24868_PI646214","Atlantic-Congo",8.81708,9.98505
"IS24883_PI646217","Atlantic-Congo",5.42081,10.0849
"IS25050_PI585448","Atlantic-Congo",-0.43227,9.64745
"IS25059_PI585452","Atlantic-Congo",-0.671111,10.857778
"IS25060_PI585453","Atlantic-Congo",-0.38756,10.9703
"IS25061_PI585454","Atlantic-Congo",-0.74675,10.3884
"IS25066_PI585455","Atlantic-Congo",0.06121,10.4575
"IS25074_PI585457","Atlantic-Congo",-0.38756,10.9703
"IS25086_PI585461","Atlantic-Congo",-0.38756,10.9703
"IS25108_PI585467","Atlantic-Congo",-0.43227,9.64745
"IS25113_PI585471","Atlantic-Congo",-1.39076,11.0824
"IS25456_PI585572","Atlantic-Congo",29.1684,-4.36966
"IS25505_PI585576","Atlantic-Congo",30.4894,-3.77873
"IS25514_PI585577","Atlantic-Congo",29.485248,-3.022268
"IS25520_PI585579","Atlantic-Congo",29.485248,-3.022268
"IS25522_PI585581","Atlantic-Congo",29.485248,-3.022268
"IS25524_PI585583","Atlantic-Congo",28.9978,-3.45787
"IS25556_PI585590","Atlantic-Congo",29.6441,-1.56771
"IS25561_PI585595","Atlantic-Congo",29.6441,-1.56771
"IS25563_PI585596","Sign Language",30.23427,-1.38553
"IS25568_PI585600","Sign Language",30.23427,-1.38553
"IS25575_PI585607","Atlantic-Congo",29.6441,-1.56771
"IS25577_PI585609","Atlantic-Congo",30.7074,-2.52347
"IS25790_PI609918","Mande",-11.7178,13.1273
"IS25876_PI610034","Sign Language",-8.00136,12.651
"IS25919_PI609094","Mande",-5.65085,13.8734
"IS26149_PI609200","Mande",-5.65085,13.8734
"IS26401_PI585971","Atlantic-Congo",0.83312,7.44776
"IS26413_PI585981","Atlantic-Congo",1.74452,7.49256
"IS26418_PI585985","Atlantic-Congo",2.27039,7.78428
"IS26421_PI585987","Atlantic-Congo",2.27039,7.78428
"IS26425_PI585991","Atlantic-Congo",2.55627,8.43449
"IS26426_PI585992","Atlantic-Congo",2.55627,8.43449
"IS26459_PI586008","Atlantic-Congo",2.99607,9.63186
"IS26620_PI586028","Atlantic-Congo",25.7646,-12.4129
"IS26630_PI586032","Atlantic-Congo",25.7646,-12.4129
"IS26632_PI586033","Atlantic-Congo",25.7646,-12.4129
"IS26637_PI586034","Atlantic-Congo",25.7646,-12.4129
"IS26640_PI586035","Bookkeeping",28.08,-10
"IS26643_PI586036","Atlantic-Congo",31.2269,-8.86817
"IS26647_PI586037","Atlantic-Congo",25.7646,-12.4129
"IS26656_PI586041","Atlantic-Congo",24.7649,-14.8513
"IS26682_PI586052","Atlantic-Congo",35.43347,-15.56729
"IS26685_PI586054","Atlantic-Congo",35.43347,-15.56729
"IS26849_PI570393","Nilotic",32.6641,4.16379
"IS27297_PI586107","Atlantic-Congo",-0.52004,14.2471
"IS27300_PI586110","Atlantic-Congo",-0.52004,14.2471
"IS27301_PI586111","Atlantic-Congo",-0.52004,14.2471
"IS27302_PI586112","Atlantic-Congo",-0.52004,14.2471
"IS27304_PI586114","Atlantic-Congo",-0.52004,14.2471
"IS27307_PI586117","Atlantic-Congo",-0.52004,14.2471
"IS27308_PI586118","Atlantic-Congo",-0.52004,14.2471
"IS27309_PI586119","Atlantic-Congo",-0.52004,14.2471
"IS27320_PI586128","Atlantic-Congo",-2.59229,12.4305
"IS27329_PI586137","Atlantic-Congo",-0.52004,14.2471
"IS27333_PI586141","Atlantic-Congo",-1.96187,14.046
"IS27342_PI586150","Atlantic-Congo",-1.96187,14.046
"IS27343_PI586151","Atlantic-Congo",-1.96187,14.046
"IS27345_PI586153","Atlantic-Congo",-1.96187,14.046
"IS27346_PI586154","Atlantic-Congo",-1.96187,14.046
"IS27349_PI586156","Atlantic-Congo",-1.96187,14.046
"IS27350_PI586157","Atlantic-Congo",-1.96187,14.046
"IS27352_PI586159","Atlantic-Congo",-1.96187,14.046
"IS27354_PI586161","Mande",-0.78772,13.7206
"IS27357_PI586163","Atlantic-Congo",-0.81109,11.0918
"IS27359_PI586165","Sign Language",-1.5238,12.363514
"IS27360_PI586166","Atlantic-Congo",-1.32,11.95
"IS27361_PI586167","Atlantic-Congo",-1.32,11.95
"IS27366_PI586172","Atlantic-Congo",-1.32,11.95
"IS27368_PI586174","Sign Language",-1.5238,12.363514
"IS27373_PI586178","Atlantic-Congo",-1.32,11.95
"IS27377_PI586181","Atlantic-Congo",1.28489,11.6711
"IS27379_PI586183","Atlantic-Congo",1.28489,11.6711
"IS27380_PI586184","Atlantic-Congo",1.28489,11.6711
"IS27399_PI586201","Atlantic-Congo",-1.32,11.95
"IS27403_PI586205","Atlantic-Congo",-0.81109,11.0918
"IS27437_PI586239","Atlantic-Congo",-1.96187,14.046
"IS27458_PI586259","Mande",-2.72732,13.1811
"IS27474_PI586272","Mande",-3.25128,13.1027
"IS27562_PI586356","Atlantic-Congo",-3.336,9.96122
"IS27565_PI586359","Atlantic-Congo",-1.32,11.95
"IS27569_PI586363","Atlantic-Congo",-2.59229,12.4305
"IS27572_PI586365","Atlantic-Congo",-2.48569,11.6839
"IS27573_PI586366","Atlantic-Congo",-2.59229,12.4305
"IS27575_PI586368","Atlantic-Congo",-2.14385,11.5186
"IS27577_PI586370","Atlantic-Congo",-2.48569,11.6839
"IS27578_PI586371","Atlantic-Congo",-2.14385,11.5186
"IS27581_PI586374","Atlantic-Congo",-1.92807,10.9703
"IS27591_PI586377","Afro-Asiatic",15.0373,11.9765
"IS27604_PI586387","Afro-Asiatic",14.446893,12.561391
"IS27611_PI586394","Afro-Asiatic",14.446893,12.561391
"IS27667_PI586404","Afro-Asiatic",13.8201,10.677
"IS27856_PI586464","Atlantic-Congo",31.5,-26
"IS27860_PI586466","Atlantic-Congo",30.2,-28.9
"IS27867_PI586470","Atlantic-Congo",30.2,-28.9
"IS27869_PI586472","Atlantic-Congo",30.2,-28.9
"IS27873_PI586476","Atlantic-Congo",31.8105,-23.5754
"IS27877_PI586479","Atlantic-Congo",29.9523,-22.188
"IS27879_PI586481","Atlantic-Congo",29.9523,-22.188
"IS27899_PI586498","Atlantic-Congo",29.4718,-24.7993
"IS27900_PI586499","Atlantic-Congo",29.4718,-24.7993
"IS27913_PI586510","Atlantic-Congo",29.9523,-22.188
"IS29659_PI619639","Atlantic-Congo",32.94452,-5.08559
"IS29660_PI619640","Atlantic-Congo",30.5699,-4.99312
"IS29661_PI619641","Atlantic-Congo",32.94452,-5.08559
"IS29662_PI619642","Atlantic-Congo",32.94452,-5.08559
"IS29663_PI619643","Atlantic-Congo",32.8765,-3.16082
"IS3033_PI267621","Ta-Ne-Omotic",37.4412,7.79821
"IS30898_PI646231","Nilotic",33.2116,1.74748
"IS30902_PI619688","Nilotic",34.2761,2.45157
"IS30908_PI646233","Nilotic",33.2116,1.74748
"IS30910_PI619695","Atlantic-Congo",33.4791,1.1513
"IS30911_PI619696","Nilotic",33.2116,1.74748
"IS30918_PI619701","Nilotic",33.2116,1.74748
"IS30923_PI646236","Nilotic",33.2116,1.74748
"IS30931_PI619713","Nilotic",33.2116,1.74748
"IS30934_PI619716","Atlantic-Congo",32.15153,0.66884
"IS30937_PI619719","Nilotic",33.0553,2.13867
"IS30951_PI619733","Atlantic-Congo",32.4179,1.41726
"IS30958_PI646239","Atlantic-Congo",32.4179,1.41726
"IS30961_PI646240","Atlantic-Congo",32.4179,1.41726
"IS30969_PI646241","Nilotic",33.0553,2.13867
"IS30982_PI620610","Nilotic",33.0553,2.13867
"IS30992_PI620611","Nilotic",33.0553,2.13867
"IS30997_PI619765","Nilotic",33.0553,2.13867
"IS31006_PI646245","Nilotic",33.657947,2.699942
"IS31009_PI646246","Nilotic",33.657947,2.699942
"IS31010_PI619773","Nilotic",33.657947,2.699942
"IS31028_PI646247","Nilotic",32.5147,3.57738
"IS31030_PI646248","Nilotic",32.5147,3.57738
"IS31048_PI646250","Kuliak",33.73651,3.4997
"IS31054_PI619813","Nilotic",32.5147,3.57738
"IS31057_PI619816","Nilotic",32.5147,3.57738
"IS31059_PI646251","Nilotic",32.5147,3.57738
"IS3106_PI213900","Pidgin",36.25994,-0.50021
"IS31073_PI619829","Atlantic-Congo",31.4819,2.06754
"IS31083_PI619838","Atlantic-Congo",31.4819,2.06754
"IS31092_PI646255","Nilotic",31.0016,2.36213
"IS31100_PI646259","Nilotic",31.0016,2.36213
"IS31104_PI646261","Nilotic",31.0016,2.36213
"IS31107_PI646263","Nilotic",31.0016,2.36213
"IS31113_PI646266","Central Sudanic",30.8642,3.02245
"IS31123_PI619860","Central Sudanic",30.8642,3.02245
"IS31126_PI619863","Nilotic",31.0016,2.36213
"IS31127_PI646271","Central Sudanic",30.8642,3.02245
"IS31150_PI619879","Nilotic",31.0016,2.36213
"IS31165_PI619890","Nilotic",33.0553,2.13867
"IS31168_PI646283","Nilotic",33.9394,1.18321
"IS31174_PI619896","Atlantic-Congo",34.2829,1.05906
"IS31180_PI619901","Nilotic",34.0341,0.73235
"IS31182_PI619903","Nilotic",34.0341,0.73235
"IS31184_PI619904","Atlantic-Congo",34.337012,1.280475
"IS31199_PI646289","Nilotic",33.9394,1.18321
"IS31206_PI646291","Nilotic",33.9394,1.18321
"IS31207_PI646292","Atlantic-Congo",33.3942,0.40456
"IS31210_PI646293","Atlantic-Congo",33.8227,1.11392
"IS31212_PI619920","Atlantic-Congo",33.3942,0.40456
"IS31213_PI619921","Atlantic-Congo",33.3942,0.40456
"IS31220_PI619928","Atlantic-Congo",34.0335,0.3652
"IS31223_PI619930","Atlantic-Congo",33.3942,0.40456
"IS31226_PI619933","Atlantic-Congo",33.3942,0.40456
"IS31231_PI619938","Atlantic-Congo",33.4791,1.1513
"IS31234_PI619941","Atlantic-Congo",33.4791,1.1513
"IS31244_PI646295","Nilotic",33.9394,1.18321
"IS31249_PI619955","Nilotic",33.9394,1.18321
"IS31252_PI619958","Atlantic-Congo",33.4791,1.1513
"IS31257_PI619962","Atlantic-Congo",33.4791,1.1513
"IS31267_PI619970","Atlantic-Congo",30.548,-0.46364
"IS31275_PI619978","Atlantic-Congo",30.548,-0.46364
"IS31279_PI619982","Atlantic-Congo",30.548,-0.46364
"IS31283_PI619986","Central Sudanic",30.2242,1.30455
"IS31284_PI619987","Atlantic-Congo",29.6441,-1.56771
"IS31291_PI619994","Atlantic-Congo",29.9122,-1.04387
"IS31305_PI620007","Atlantic-Congo",29.9122,-1.04387
"IS31323_PI620020","Atlantic-Congo",29.9122,-1.04387
"IS31325_PI646304","Atlantic-Congo",29.9122,-1.04387
"IS31328_PI620024","Atlantic-Congo",29.9122,-1.04387
"IS31360_PI620050","Atlantic-Congo",29.8696,0.32395
"IS31367_PI620055","Atlantic-Congo",29.8696,0.32395
"IS31384_PI620072","Atlantic-Congo",29.8696,0.32395
"IS31396_PI620083","Atlantic-Congo",29.8696,0.32395
"IS31399_PI620086","Atlantic-Congo",29.8696,0.32395
"IS31410_PI620097","Atlantic-Congo",29.8696,0.32395
"IS31425_PI620110","Atlantic-Congo",29.8696,0.32395
"IS31426_PI620111","Atlantic-Congo",30.0014,0.81206
"IS31434_PI620119","Atlantic-Congo",30.6389,0.57291
"IS31436_PI620121","Atlantic-Congo",30.6389,0.57291
"IS31444_PI620129","Atlantic-Congo",29.8696,0.32395
"IS31456_PI620140","Atlantic-Congo",29.8696,0.32395
"IS31462_PI646313","Atlantic-Congo",29.9494,0.676185
"IS31474_PI620156","Atlantic-Congo",29.9494,0.676185
"IS31501_PI646320","Atlantic-Congo",31.3493,0.95294
"IS31507_PI620180","Atlantic-Congo",31.4846,-1.70878
"IS31511_PI646321","Atlantic-Congo",30.548,-0.46364
"IS31512_PI646322","Atlantic-Congo",30.548,-0.46364
"IS31518_PI646324","Atlantic-Congo",30.548,-0.46364
"IS32820_PI620367","Atlantic-Congo",36.9316,-7.52674
"IS32821_PI620368","Atlantic-Congo",36.9153,-6.98537
"IS32823_PI620369","Atlantic-Congo",37.5557,-6.86828
"IS32824_PI620370","Atlantic-Congo",37.0534,-6.38204
"IS32826_PI620372","Atlantic-Congo",37.0534,-6.38204
"IS32831_PI620375","Atlantic-Congo",37.0534,-6.38204
"IS32832_PI620376","Atlantic-Congo",37.0534,-6.38204
"IS32838_PI620382","Atlantic-Congo",37.0534,-6.38204
"IS32842_PI620385","Atlantic-Congo",35.4807,-6.35951
"IS32853_PI620396","Atlantic-Congo",35.4807,-6.35951
"IS32862_PI620405","Atlantic-Congo",35.9517,-4.71413
"IS32870_PI620411","Atlantic-Congo",35.4807,-6.35951
"IS32873_PI620414","Atlantic-Congo",36.7686,-3.42862
"IS32875_PI620416","Afro-Asiatic",35.7996,-4.23575
"IS32876_PI620417","Afro-Asiatic",35.7996,-4.23575
"IS32877_PI620418","Afro-Asiatic",35.7996,-4.23575
"IS32882_PI620423","Nilotic",34.3,-5.9
"IS32892_PI620430","Atlantic-Congo",34.3068,-4.50002
"IS32896_PI620434","Atlantic-Congo",32.94452,-5.08559
"IS32911_PI620446","Atlantic-Congo",34.6657,-5.12263
"IS32913_PI620447","Atlantic-Congo",34.3068,-4.50002
"IS32915_PI620449","Nilotic",34.3,-5.9
"IS32919_PI620453","Atlantic-Congo",34.3068,-4.50002
"IS32920_PI620454","Atlantic-Congo",34.6657,-5.12263
"IS32927_PI620459","Atlantic-Congo",35.4807,-6.35951
"IS32929_PI620461","Atlantic-Congo",34.6657,-5.12263
"IS32932_PI620463","Atlantic-Congo",34.6657,-5.12263
"IS32935_PI646389","Nilotic",37.1869,-5.43471
"IS32936_PI620466","Nilotic",37.1869,-5.43471
"IS32942_PI620472","Atlantic-Congo",35.4807,-6.35951
"IS32945_PI620475","Atlantic-Congo",34.6657,-5.12263
"IS32950_PI620477","Atlantic-Congo",35.4807,-6.35951
"IS32955_PI620480","Atlantic-Congo",37.0534,-6.38204
"IS32970_PI620493","Atlantic-Congo",35.4807,-6.35951
"IS32972_PI620495","Atlantic-Congo",34.6657,-5.12263
"IS32977_PI620500","Atlantic-Congo",34.6657,-5.12263
"IS32991_PI620514","Atlantic-Congo",34.3068,-4.50002
"IS32992_PI620515","Atlantic-Congo",34.846,-3.99991
"IS32993_PI620516","Atlantic-Congo",32.94452,-5.08559
"IS32996_PI620519","Atlantic-Congo",32.94452,-5.08559
"IS32997_PI620520","Atlantic-Congo",32.94452,-5.08559
"IS32998_PI620521","Atlantic-Congo",32.94452,-5.08559
"IS32999_PI620522","Atlantic-Congo",32.8765,-3.16082
"IS33000_PI620523","Nilotic",34.1,-3.9
"IS33004_PI620527","Nilotic",34.1,-3.9
"IS33006_PI620529","Atlantic-Congo",34.0542,-2.26367
"IS33012_PI620535","Atlantic-Congo",33.5326,-2.09315
"IS33016_PI620536","Atlantic-Congo",32.8765,-3.16082
"IS33017_PI620537","Atlantic-Congo",32.8765,-3.16082
"IS33024_PI620544","Nilotic",34.1,-3.9
"IS33027_PI620547","Nilotic",34.1,-3.9
"IS33039_PI620557","Atlantic-Congo",34.3923,-1.7124
"IS33043_PI620560","Atlantic-Congo",38.29,-4.8
"IS33047_PI620564","Nilotic",34.3,-5.9
"IS33055_PI620572","Atlantic-Congo",36.9153,-6.98537
"IS33062_PI620578","Atlantic-Congo",32.8765,-3.16082
"IS33063_PI620579","Atlantic-Congo",32.8765,-3.16082
"IS3445_PI570498","Central Sudanic",29.0002,7.45616
"IS3454_PI570504","Kresh-Aja",25.6122,8.58003
"IS3465_PI570518","Nilotic",30.49451,6.32234
"IS3487_PI570549","Nubian",31.748657,18.760713
"IS3568_PI570603","Nubian",28.5901,11.948
"IS3586_PI570511","Tamaic",22.6393,13.9592
"IS39662_PI647018","Pidgin",8.4331,11.989
"IS39668_PI647019","Afro-Asiatic",8.7804,11.1513
"IS39680_PI647022","Atlantic-Congo",8.81708,9.98505
"IS39689_PI647023","Atlantic-Congo",8.95834,10.1962
"IS39730_PI647024","Pidgin",8.4331,11.989
"IS39732_PI647025","Pidgin",8.615,12.584
"IS39759_PI647026","Pidgin",8.4331,11.989
"IS39792_PI647027","Afro-Asiatic",8.7804,11.1513
"IS39822_PI647028","Pidgin",8.615,12.584
"IS39832_PI647029","Afro-Asiatic",4.47692,13.9878
"IS6925_PI570604","Nubian",30.417,15.083
"IS6944_PI570494","Nilotic",32.3829,8.13911
"IS7065_PI570528","Nubian",30.75,18.25
"IS7530_PI562989","Pidgin",8.4331,11.989
"IS7714_PI597954","Atlantic-Congo",5.11073,10.2882
"IS7739_PI563009","Sign Language",7.71578,11.06693
"IS8823_PI563151","Atlantic-Congo",34.76751,-0.78872
"IS8832_PI563153","Atlantic-Congo",37.9532,-1.60827
"IS8834_PI563154","Atlantic-Congo",34.5708,0.1529
"IS8848_PI563156","Atlantic-Congo",34.6961,0.2975
"IS8860_PI563157","Atlantic-Congo",34.22,0.34
"IS9132_PI563198","Afro-Asiatic",34.7552,-0.183215
"IS9133_PI563199","Atlantic-Congo",34.6166,0.07523
"IS9135_PI563200","Atlantic-Congo",34.76751,-0.78872
"IS9168_PI563208","Atlantic-Congo",34.76751,-0.78872
"IS9174_PI563209","Atlantic-Congo",34.25,0.54
"IS9199_PI563219","Atlantic-Congo",31.3493,0.95294
"IS9524_PI563289","Sign Language",28.11864,-25.96551
"IS9779_PI570584","Atlantic-Congo",29.1344,4.49213
"IS9864_PI571256","Nilotic",33.5404,9.81455
"IS9870_PI570523","Nilotic",31.537,3.9613
"IS9885_PI571273","Central Sudanic",29.7954,6.40428
"IS9888_PI571275","Nubian",30.417,15.083
"IS10068","Atlantic-Congo",-4.76482,10.6298
"IS10189","Mande",-4.58203,11.1285
"IS10191","Atlantic-Congo",-0.38756,10.9703
"IS1033","Indo-European",73.2743,21.0656
"IS1036","Indo-European",73.0099,19.0348
"IS1052","Dravidian",80.7807,16.1026
"IS1106","Dravidian",77.2211,11.9458
"IS1107","Indo-European",75.233,21.937
"IS11424","Afro-Asiatic",38.4646,4.44624
"IS11431","Dizoid",35.5763,6.1405
"IS1151","Indo-European",76.6665,17.9344
"IS1182","Indo-European",85.3335,25.0915
"IS1186","Indo-European",79.5335,12.215
"IS1187","Dravidian",80.7807,16.1026
"IS12031","Afro-Asiatic",41.4395,8.67428
"IS12106","Afro-Asiatic",45.152856,4.778704
"IS1236","Dravidian",78.825989,10.520219
"IS1240","Dravidian",77.2211,11.9458
"IS1243","Dravidian",77.2038,8.85517
"IS1246","Indo-European",77.9427,9.99172
"IS1257","Indo-European",77.9427,9.99172
"IS12584","Atlantic-Congo",38.6217,-3.13905
"IS12590","Afro-Asiatic",40.37,-2.1843
"IS12779","Afro-Asiatic",35.78,35.6
"IS12782","Indo-European",39.6388,38.6147
"IS12789","Indo-European",31.28,37.273
"IS12793","Indo-European",31.28,37.273
"IS12796","Indo-European",28.182,37.203
"IS12801","Indo-European",28.182,37.203
"IS12805","Indo-European",28.6632,41.205
"IS12808","Indo-European",28.599,40.287
"IS12810","Indo-European",28.599,40.287
"IS12811","Indo-European",28.599,40.287
"IS12813","Kartvelian",41.9096,41.5004
"IS12815","Hurro-Urartian",43.3154,40.7339
"IS12817","Hurro-Urartian",43.3425,38.5
"IS12818","Sign Language",40.737778,37.316667
"IS12819","Afro-Asiatic",36.798,35.798
"IS12821","Indo-European",36,38
"IS12822","Indo-European",39.6388,38.6147
"IS13148","Sign Language",44.377867,33.308738
"IS13155","Indo-European",28.955556,41.013889
"IS13263","Indo-European",72.1312,26.0713
"IS13515","Sign Language",46.4714,23.614
"IS1360","Indo-European",73.2472,24.5451
"IS1371","Indo-European",79.5153,16.4708
"IS1401","Indo-European",66.9137,25.3293
"IS14133","Indo-European",28.599,40.287
"IS1416","Dravidian",78.4934,20.1022
"IS1425","Dravidian",78.825989,10.520219
"IS14444","Indo-European",79.4233,29.0853
"IS14635","Afro-Asiatic",40.6821,10.1342
"IS1464","Sign Language",77.107525,16.843564
"IS1469","Dravidian",79.2534,15.8787
"IS1472","Dravidian",78,11
"IS14724","Afro-Asiatic",37.2737,5.37869
"IS1477","Dravidian",77.0168,11.4184
"IS1520","Dravidian",80.11,15.37
"IS1523","Pidgin",80.165,13.05
"IS1540","Dravidian",78,11
"IS17149","Atlantic-Congo",8.10047,5.58316
"IS17185","Afro-Asiatic",13.61,11.77
"IS17195","Sign Language",4.72799,7.78559
"IS17196","Atlantic-Congo",8.96594,7.83859
"IS17669","Dravidian",80.2,18.75
"IS17671","Dravidian",80.2,18.75
"IS17749","Indo-European",76.9717,16.5734
"IS17752","Dravidian",80.11,15.37
"IS17766","Pidgin",80.165,13.05
"IS17815","Dravidian",81.2096,17.6772
"IS17819","Dravidian",81.9748,17.3702
"IS17857","Indo-European",82.4996,18.1213
"IS17864","Bookkeeping",84.1414,18.7302
"IS17872","Austroasiatic",85.5845,21.2606
"IS17885","Dravidian",83.7552,18.8832
"IS17891","Dravidian",81.5663,17.4467
"IS17896","Dravidian",83.378,18.276
"IS17905","Dravidian",83.5859,19.2043
"IS17909","Sign Language",77.107525,16.843564
"IS17912","Dravidian",83.6749,20.0962
"IS17917","Indo-European",72.1312,26.0713
"IS17919","Indo-European",72.1312,26.0713
"IS17920","Indo-European",70.7826,26.4156
"IS17921","Indo-European",72.846,24.885
"IS17922","Indo-European",72.846,24.885
"IS17925","Indo-European",74.095,26.771
"IS17926","Indo-European",75.407,27.34
"IS17929","Indo-European",73.5486,22.8781
"IS17930","Indo-European",75.562,23.488
"IS17933","Indo-European",74.7355,25.6999
"IS17937","Indo-European",74.095,26.771
"IS17942","Indo-European",72.846,24.885
"IS17958","Dravidian",77.1673,19.8838
"IS18234","Indo-European",90,24
"IS18236","Sign Language",88.394224,22.606042
"IS18295","Afro-Asiatic",5.699722,14.973333
"IS18303","Afro-Asiatic",4.47692,13.9878
"IS18822","Bookkeeping",31.1244,12.1797
"IS19477","Nilotic",31.0723,4.19522
"IS19485","Central Sudanic",30.3287,5.1232
"IS19494","Nilotic",28.0613,8.81115
"IS19507","Atlantic-Congo",27.4688,4.71127
"IS19513","Sign Language",31.57144,4.85947
"IS19520","Atlantic-Congo",27.6956,7.41311
"IS19677","Indo-European",82.24055,19.26078
"IS19680","Dravidian",81.3842,18.1632
"IS19698","Dravidian",80.8893,20.1422
"IS19700","Bookkeeping",80.842,22.7174
"IS19706","Bookkeeping",83.1644,23.0613
"IS19732","Dravidian",79.9164,21.5259
"IS19758","Austroasiatic",77.5541,21.8358
"IS19804","Indo-European",82.251,24.5271
"IS19946","Atlantic-Congo",-15.383,15.2534
"IS19950","Atlantic-Congo",-13.4482,13.8694
"IS19956","Atlantic-Congo",-15.383,15.2534
"IS19962","Afro-Asiatic",-16.1711,16.82
"IS19978","Atlantic-Congo",-16.3916,13.8941
"IS19982","Atlantic-Congo",-13.4482,13.8694
"IS19988","Atlantic-Congo",-13.4482,13.8694
"IS19991","Atlantic-Congo",-16.3916,13.8941
"IS19998","Atlantic-Congo",-14.4527,13.5269
"IS20004","Atlantic-Congo",-14.4527,13.5269
"IS20024","Mande",-12.8009,13.5677
"IS20027","Atlantic-Congo",-13.4482,13.8694
"IS20028","Mande",-12.8009,13.5677
"IS20049","Mande",-12.8009,13.5677
"IS20073","Atlantic-Congo",-13.177,12.5421
"IS20087","Atlantic-Congo",-13.4482,13.8694
"IS20105","Atlantic-Congo",-14.4527,13.5269
"IS20116","Atlantic-Congo",-13.4759,12.6425
"IS20125","Indo-European",-15.33254,13.2335066667
"IS20146","Atlantic-Congo",-15.6658,12.5382
"IS20158","Saharan",10.701,13.557
"IS20164","Saharan",13.1571,14.2584
"IS20166","Afro-Asiatic",11.3367,12.803
"IS20173","Saharan",10.701,13.557
"IS20187","Saharan",13.1571,14.2584
"IS20216","Pidgin",8.615,12.584
"IS20225","Saharan",10.701,13.557
"IS20230","Atlantic-Congo",8.43261,15.0907
"IS20234","Pidgin",8.615,12.584
"IS20243","Afro-Asiatic",10.6557,12.789
"IS20250","Atlantic-Congo",8.43261,15.0907
"IS20261","Afro-Asiatic",5.699722,14.973333
"IS20300","Atlantic-Congo",8.43261,15.0907
"IS20307","Songhay",2.41173,12.8554
"IS20314","Atlantic-Congo",8.43261,15.0907
"IS20328","Afro-Asiatic",5.699722,14.973333
"IS20345","Afro-Asiatic",4.47692,13.9878
"IS20348","Afro-Asiatic",4.47692,13.9878
"IS20363","Afro-Asiatic",5.699722,14.973333
"IS20364","Afro-Asiatic",5.699722,14.973333
"IS20378","Afro-Asiatic",5.699722,14.973333
"IS20398","Songhay",2.41173,12.8554
"IS20441","Songhay",2.41173,12.8554
"IS20448","Afro-Asiatic",4.47692,13.9878
"IS20450","Songhay",2.41173,12.8554
"IS20452","Afro-Asiatic",4.47692,13.9878
"IS20460","Afro-Asiatic",4.47692,13.9878
"IS20463","Afro-Asiatic",4.47692,13.9878
"IS20488","Songhay",2.41173,12.8554
"IS20490","Songhay",2.41173,12.8554
"IS20492","Songhay",2.41173,12.8554
"IS20497","Songhay",2.41173,12.8554
"IS20498","Atlantic-Congo",-0.52004,14.2471
"IS20905","Central Sudanic",17.3151,9.06629
"IS21015","Sign Language",37.1995,-1.00166
"IS21055","Nilotic",35,0.6
"IS21139","Atlantic-Congo",37.6116,-0.27405
"IS21155","Atlantic-Congo",34.5049,-1.50636
"IS21160","Atlantic-Congo",37.9532,-1.60827
"IS21169","Pidgin",36.25994,-0.50021
"IS21186","Atlantic-Congo",39.322,-4.09629
"IS21309","Atlantic-Congo",37.9532,-1.60827
"IS21310","Atlantic-Congo",38.073,-0.13221
"IS21323","Sign Language",37.1995,-1.00166
"IS21328","Atlantic-Congo",38.073,-0.13221
"IS21343","Atlantic-Congo",37.5939,-0.11968
"IS21347","Nilotic",37.528,-2.97716
"IS21403","Atlantic-Congo",32.8108,-14.8047
"IS21464","Atlantic-Congo",34.991,-16.6183
"IS21521","Atlantic-Congo",35.43347,-15.56729
"IS21522","Atlantic-Congo",35.43347,-15.56729
"IS21535","Atlantic-Congo",35.2387,-13.6119
"IS21545","Atlantic-Congo",34.0613,-12.0816
"IS21546","Atlantic-Congo",34.0613,-12.0816
"IS21557","Atlantic-Congo",35.2387,-13.6119
"IS21583","Atlantic-Congo",35.2387,-13.6119
"IS21631","Atlantic-Congo",32.8108,-14.8047
"IS21976","Dravidian",78,11
"IS21982","Dravidian",76.1198,13.5878
"IS21996","Indo-European",73.1426,24.0712
"IS21997","Indo-European",74.9958,21.4375
"IS22001","Indo-European",73.9956,21.5724
"IS22009","Indo-European",73.0099,19.0348
"IS22019","Indo-European",73.7418,20.7719
"IS22025","Indo-European",74.330455,34.166825
"IS22026","Sino-Tibetan",79.153,30.241
"IS2206","Indo-European",74.2098,15.2732
"IS22100","Dravidian",74.86354,13.64667
"IS22104","Indo-European",76.9717,16.5734
"IS22193","Dravidian",75.9161,12.2443
"IS22598","Indo-European",81.211885,8.5867
"IS22601","Indo-European",81,8
"IS22604","Sign Language",79.857,7.10588
"IS22608","Sign Language",79.857,7.10588
"IS22701","Unattested",41.7065,4.11661
"IS22702","Afro-Asiatic",43.6182,3.22288
"IS22742","Afro-Asiatic",43.6182,3.22288
"IS22746","Afro-Asiatic",43.6182,3.22288
"IS22751","Unattested",41.7065,4.11661
"IS22785","Afro-Asiatic",45.152856,4.778704
"IS22789","Afro-Asiatic",44.6862,2.29633
"IS22792","Afro-Asiatic",44.6862,2.29633
"IS23108","Atlantic-Congo",35.8133,-3.75763
"IS23184","Sign Language",28.9898,-15.5134
"IS23188","Atlantic-Congo",31.3544,-15.3946
"IS23225","Atlantic-Congo",32.8108,-14.8047
"IS23240","Atlantic-Congo",32.8108,-14.8047
"IS23248","Atlantic-Congo",27.9026,-12.3366
"IS23262","Atlantic-Congo",31.2269,-8.86817
"IS23263","Atlantic-Congo",32.8108,-14.8047
"IS23275","Atlantic-Congo",30.2297,-12.945
"IS23283","Atlantic-Congo",22.45046,-14.73379
"IS23298","Atlantic-Congo",34.0613,-12.0816
"IS23306","Atlantic-Congo",33.3738,-11.3297
"IS23308","Atlantic-Congo",33.3738,-11.3297
"IS23319","Atlantic-Congo",32.9057,-9.4472
"IS23322","Atlantic-Congo",27.103495,-17.422325
"IS23335","Atlantic-Congo",33.0995,-9.5372
"IS23341","Atlantic-Congo",31.2269,-8.86817
"IS23357","Atlantic-Congo",31.2269,-8.86817
"IS23358","Atlantic-Congo",32.3163,-9.11261
"IS23363","Atlantic-Congo",29.2993,-10.6122
"IS23366","Atlantic-Congo",30.2297,-12.945
"IS23367","Atlantic-Congo",24.7649,-14.8513
"IS23370","Atlantic-Congo",30.2297,-12.945
"IS23373","Atlantic-Congo",30.2297,-12.945
"IS23375","Atlantic-Congo",28.2581,-14.7192
"IS23376","Atlantic-Congo",28.2581,-14.7192
"IS23615","Ta-Ne-Omotic",36.1718,7.34022
"IS23651","Atlantic-Congo",-14.4527,13.5269
"IS23685","Atlantic-Congo",39.1203,-16.9394
"IS23687","Sign Language",34.613,-19.811
"IS23693","Atlantic-Congo",39.9062,-16.0973
"IS23694","Atlantic-Congo",35.1577,-23.7964
"IS23698","Atlantic-Congo",39.5323,-13.6443
"IS23700","Atlantic-Congo",38.892,-12.923
"IS23711","Atlantic-Congo",38.8052,-14.8509
"IS24283","Atlantic-Congo",33.4766,-8.54936
"IS24286","Atlantic-Congo",35.7255,-7.71572
"IS24287","Atlantic-Congo",34.63776,-8.91872
"IS24288","Atlantic-Congo",34.70918,-9.4366
"IS24292","Atlantic-Congo",36.0105,-10.4203
"IS24294","Bookkeeping",38.1253,-10.5584
"IS24297","Sign Language",39.127,-6.82431
"IS24299","Sign Language",39.127,-6.82431
"IS24327","Indo-European",77,20
"IS24332","Indo-European",77.1234,19.9989
"IS24334","Bookkeeping",77.8268,21.2665
"IS24336","Indo-European",79.7516,20.7139
"IS24360","Indo-European",73.994,18.404
"IS24369","Dravidian",76.0003,18.3859
"IS24379","Indo-European",78.97,26.61
"IS24386","Indo-European",77.56,27.46
"IS24389","Indo-European",77.56,27.46
"IS24413","Indo-European",82.251,24.5271
"IS24416","Indo-European",82.251,24.5271
"IS24417","Indo-European",82.251,24.5271
"IS24875","Afro-Asiatic",9.32836,9.36039
"IS25098","Atlantic-Congo",-0.80295,8.06653
"IS25506","Atlantic-Congo",29.97,-2.94
"IS25543","Atlantic-Congo",28.6122,-2.55777
"IS25670","Dogon",-3.82228,13.6331
"IS25690","Mande",-5.65085,13.8734
"IS25694","Mande",-7.65,12.9
"IS25706","Mande",-7.65,12.9
"IS25708","Mande",-9.96404,14.0546
"IS25722","Mande",-9.96404,14.0546
"IS25752","Dogon",-3.32636,14.9066
"IS25766","Mande",-4,15.5
"IS25772","Mande",-10.95,14.1
"IS25783","Mande",-10.95,14.1
"IS25784","Mande",-9.96404,14.0546
"IS25798","Mande",-9.49151,13.1798
"IS25804","Mande",-11.7178,13.1273
"IS25812","Mande",-9.49151,13.1798
"IS25816","Atlantic-Congo",-5.87709,11.632
"IS25839","Dogon",-4.03,14.38
"IS25865","Mande",-9.49151,13.1798
"IS25868","Mande",-9.49151,13.1798
"IS25877","Sign Language",-8.00136,12.651
"IS25888","Mande",-7.65,12.9
"IS25912","Mande",-7.65,12.9
"IS25913","Mande",-7.65,12.9
"IS25921","Mande",-7.65,12.9
"IS25931","Sign Language",-8.00136,12.651
"IS25936","Sign Language",-8.00136,12.651
"IS25945","Sign Language",-8.00136,12.651
"IS25966","Mande",-7.6104,9.72582
"IS25985","Mande",-7.6104,9.72582
"IS25987","Atlantic-Congo",-6.37129,10.4867
"IS26000","Mande",-5.50744,11.7497
"IS26005","Atlantic-Congo",-5.28932,11.1789
"IS26008","Atlantic-Congo",-5.8581,10.5954
"IS26031","Atlantic-Congo",-5.28245,12.4871
"IS26056","Dogon",-3.82228,13.6331
"IS26072","Atlantic-Congo",-5.28245,12.4871
"IS26090","Songhay",-3.73962,16.192
"IS26091","Songhay",-2.816163,15.262989
"IS26101","Songhay",-1.69301,15.2948
"IS26103","Dogon",-2.22427,15.0644
"IS26108","Dogon",-2.94,14.78
"IS26123","Atlantic-Congo",-3.10033,13.6106
"IS26131","Dogon",-3.10006,14.40749
"IS26136","Dogon",-3.664799,14.376155
"IS26137","Mande",-5.08609,14.1223
"IS26142","Mande",-5.65085,13.8734
"IS26147","Mande",-5.65085,13.8734
"IS26148","Mande",-10.95,14.1
"IS26282","Atlantic-Congo",0.599275,9.23971
"IS26285","Atlantic-Congo",0.2783,9.82224
"IS26370","Atlantic-Congo",1.136,8.967
"IS26376","Atlantic-Congo",0.98348,8.2327
"IS26390","Atlantic-Congo",0.5886,7.16751
"IS26404","Atlantic-Congo",1.67727,6.25971
"IS26419","Atlantic-Congo",1.72346,6.64027
"IS26434","Atlantic-Congo",2.99607,9.63186
"IS26485","Mande",3.71771,10.5189
"IS26516","Songhay",3.49109,11.6682
"IS26532","Atlantic-Congo",3.05998,11.0438
"IS26540","Atlantic-Congo",1.65318,10.5956
"IS26548","Atlantic-Congo",3.05998,11.0438
"IS26565","Atlantic-Congo",1.21879,10.5191
"IS26566","Atlantic-Congo",2.02985,6.41342
"IS26575","Atlantic-Congo",1.08259,11.0382
"IS26576","Atlantic-Congo",3.05998,11.0438
"IS26579","Atlantic-Congo",2.99607,9.63186
"IS26588","Atlantic-Congo",1.33302,9.94366
"IS26594","Atlantic-Congo",1.60169,9.11127
"IS26596","Atlantic-Congo",1.82137,8.46128
"IS26598","Atlantic-Congo",1.66954,9.51949
"IS26602","Atlantic-Congo",1.58494,7.63568
"IS26634","Atlantic-Congo",23.9819,-14.2941
"IS26635","Atlantic-Congo",22.2924,-13.5382
"IS26638","Atlantic-Congo",25.7646,-12.4129
"IS26641","Bookkeeping",28.08,-10
"IS26821","Afro-Asiatic",45.6411,13.6555
"IS26827","Afro-Asiatic",43.2416905,16.9092
"IS26837","Nilotic",32.4822,5.09472
"IS26925","Dravidian",77.272,8.59225
"IS26978","Bookkeeping",77.2647,21.5096
"IS26991","Austroasiatic",85.5611,23.585
"IS26993","Indo-European",84.8114,23.6585
"IS27003","Indo-European",75.407,27.34
"IS27071","Indo-European",30,-22
"IS27087","Indo-European",30,-22
"IS27100","Atlantic-Congo",33.1739,-20.1239
"IS27123","Atlantic-Congo",27.4096,-20.2513
"IS27129","Atlantic-Congo",27.4096,-20.2513
"IS27132","Atlantic-Congo",27.4096,-20.2513
"IS27137","Sign Language",31.0216,-17.9128
"IS27139","Atlantic-Congo",27.103495,-17.422325
"IS27156","Atlantic-Congo",29.75725,-17.20849
"IS27165","Sign Language",31.0216,-17.9128
"IS27167","Atlantic-Congo",29.75725,-17.20849
"IS27169","Sign Language",31.0216,-17.9128
"IS27179","Indo-European",30,-22
"IS27215","Atlantic-Congo",29.75725,-17.20849
"IS27222","Atlantic-Congo",29.75725,-17.20849
"IS27233","Sign Language",28.9898,-15.5134
"IS27253","Atlantic-Congo",31.621,-16.0167
"IS27292","Mande",-0.78772,13.7206
"IS27336","Dogon",-2.57999,14.1794
"IS27387","Atlantic-Congo",1.08259,11.0382
"IS27393","Atlantic-Congo",0.159565,10.9496
"IS27502","Mande",-4.47538,12.4182
"IS27527","Atlantic-Congo",-3.17735,11.6524
"IS27680","Sign Language",-13.235,8.483
"IS27708","Mande",-10.9926,7.90935
"IS27717","Mande",-10.9926,7.90935
"IS27726","Kru",-11.543,7.27501
"IS27736","Mande",-10.9214,8.67039
"IS27740","Atlantic-Congo",-12.3331,8.90294
"IS27766","Mande",-12.1583,9.11838
"IS27775","Mande",-11.2836,9.97186
"IS27858","Speech Register",27.942,-26.247
"IS27859","Atlantic-Congo",30.2,-28.9
"IS27942","Afro-Asiatic",45.6411,13.6555
"IS28036","Afro-Asiatic",43.2416905,16.9092
"IS28086","Afro-Asiatic",41.8083,12.2281
"IS28143","Sign Language",44.200281,15.354531
"IS28317","Afro-Asiatic",48.6524,15.4468
"IS28444","Afro-Asiatic",45.6411,13.6555
"IS28453","Afro-Asiatic",45.6411,13.6555
"IS28749","Afro-Asiatic",45.733333,14.8
"IS28966","Afro-Asiatic",54.018,12.649
"IS29053","Sign Language",44.200281,15.354531
"IS29228","Atlantic-Congo",32.6167,-26.7329
"IS29685","Atlantic-Congo",32.8052,-18.1927
"IS29757","Atlantic-Congo",33.1739,-20.1239
"IS29808","Atlantic-Congo",30.2804,-15.7337
"IS29838","Atlantic-Congo",29.75725,-17.20849
"IS29856","Sign Language",31.0216,-17.9128
"IS29860","Atlantic-Congo",32.8052,-18.1927
"IS29866","Atlantic-Congo",33.0233,-16.4757
"IS30024","Atlantic-Congo",26.502,-18.37
"IS30095","Khoe-Kwadi",26.9638,-19.7974
"IS30122","Sign Language",31.0216,-17.9128
"IS30145","Atlantic-Congo",32.8052,-18.1927
"IS30213","Atlantic-Congo",27.103495,-17.422325
"IS30853","Atlantic-Congo",14.0597,8.72207
"IS30855","Atlantic-Congo",13.3966,8.38689
"IS30858","Atlantic-Congo",14.285,7.97779
"IS30860","Speech Register",15.2895,7.85817
"IS30864","Atlantic-Congo",15.2207,7.05641
"IS30867","Atlantic-Congo",14.2722,7.5789
"IS30868","Atlantic-Congo",13.9884,7.77412
"IS3127","Indo-European",66.85,36.81
"IS31666","Atlantic-Congo",12.9657,-5.1263
"IS31869","Afro-Asiatic",48.6524,15.4468
"IS31965","Afro-Asiatic",43.2416905,16.9092
"IS32150","Afro-Asiatic",44.672778,16.166667
"IS32262","Afro-Asiatic",48.6524,15.4468
"IS32337","Austroasiatic",85.5845,21.2606
"IS32357","Indo-European",82.0483,20.3601
"IS32370","Indo-European",83.9315,21.2233
"IS32373","Indo-European",83.9315,21.2233
"IS32401","Austroasiatic",85.5611,23.585
"IS32404","Austroasiatic",87.1188,23.9596
"IS32405","Dravidian",87.2699,24.1217
"IS32420","Austroasiatic",83.8454,23.5757
"IS32425","Indo-European",84.817115,26.458455
"IS32426","Bookkeeping",86.7694,25.0461
"IS32449","Dravidian",82.9615,23.7062
"IS32459","Indo-European",85.3335,25.0915
"IS32461","Bookkeeping",83.1644,23.0613
"IS32471","Bookkeeping",81.33599,23.43055
"IS32475","Indo-European",83.1071,22.3429
"IS32506","Dravidian",81.2096,17.6772
"IS32571","Afro-Asiatic",44.6862,2.29633
"IS32685","Afro-Asiatic",45.152856,4.778704
"IS33242","Afro-Asiatic",15.4748,10.0606
"IS33716","Indo-European",76.6665,17.9344
"IS33861","Indo-European",75,18
"IS33973","Pidgin",80.165,13.05
"IS33984","Dravidian",76.1198,13.5878
"IS34008","Dravidian",79.2534,15.8787
"IS34017","Indo-European",74.59014,22.58346
"IS34029","Indo-European",74.59014,22.58346
"IS34035","Indo-European",75.562,23.488
"IS34067","Indo-European",75.562,23.488
"IS34083","Bookkeeping",74.5977,23.7425
"IS34139","Indo-European",75.233,21.937
"IS34150","Indo-European",76.1264,22.1263
"IS34219","Austroasiatic",82.984,18.6076
"IS34226","Atlantic-Congo",27.401,-21.2887
"IS3457","Nilotic",33.47628,3.86298
"IS34778","Atlantic-Congo",14.606865,4.800365
"IS34781","Atlantic-Congo",15.2569,5.9503
"IS34814","Atlantic-Congo",16.4643,5.9879
"IS34840","Central Sudanic",16.0193,7.78997
"IS34851","Atlantic-Congo",15.2207,7.05641
"IS34860","Central Sudanic",16.7344,7.64972
"IS34895","Atlantic-Congo",20.9827,6.21563
"IS34901","Atlantic-Congo",17.645,6.61896
"IS34906","Atlantic-Congo",17.3887,5.28183
"IS34908","Atlantic-Congo",17.3887,5.28183
"IS34909","Atlantic-Congo",18.7935,6.51218
"IS34913","Atlantic-Congo",18.7935,6.51218
"IS34928","Central Sudanic",18.55852,7.49943
"IS34938","Atlantic-Congo",19.347,6.544
"IS34939","Central Sudanic",18.55852,7.49943
"IS34947","Atlantic-Congo",20.1702,6.78584
"IS34954","Central Sudanic",23.6166,8.04124
"IS34965","Atlantic-Congo",20.1702,6.78584
"IS34976","Atlantic-Congo",19.0091,4.5585
"IS35170","Atlantic-Congo",27.401,-21.2887
"IS35214","Unattested",72.8929,30.611
"IS35215","Unattested",72.8929,30.611
"IS35218","Unattested",72.8929,30.611
"IS35222","Indo-European",72.6838,28.7364
"IS35225","Indo-European",71.906,29.5534
"IS35229","Dravidian",66.56,29.04
"IS35230","Indo-European",71.5671,28.3242
"IS35231","Indo-European",71.5671,28.3242
"IS35239","Indo-European",70.2828,30.4799
"IS35240","Indo-European",70.2828,30.4799
"IS35244","Indo-European",70.2828,30.4799
"IS35246","Indo-European",72.1702,33.2122
"IS35250","Indo-European",72.1702,33.2122
"IS35254","Indo-European",72.1702,33.2122
"IS35255","Indo-European",73.8071,33.6424
"IS35427","Atlantic-Congo",31.3493,0.95294
"IS35471","Atlantic-Congo",24.8867,-17.5696
"IS35475","Atlantic-Congo",24.43151,-17.72372
"IS35478","Atlantic-Congo",22.5026,-17.6827
"IS35480","Atlantic-Congo",20.6678,-18.1681
"IS35483","Atlantic-Congo",19.256,-17.9026
"IS35503","Kxa",18.1864,-18.2675
"IS35506","Atlantic-Congo",19.256,-17.9026
"IS35507","Kxa",20.7673,-19.688
"IS35509","Khoe-Kwadi",17.0299,-19.7637
"IS35510","Kxa",18.1864,-18.2675
"IS35522","Atlantic-Congo",13.4424,-17.2958
"IS35526","Atlantic-Congo",15.7294,-18.0339
"IS35553","Atlantic-Congo",16.027517,-17.578884
"IS35567","Atlantic-Congo",17.35,-17.22
"IS35570","Atlantic-Congo",17.35,-17.22
"IS35574","Atlantic-Congo",16.027517,-17.578884
"IS35579","Atlantic-Congo",16.58,-17.7176
"IS35602","Atlantic-Congo",13.4424,-17.2958
"IS35604","Atlantic-Congo",13.4424,-17.2958
"IS3582","Afro-Asiatic",33.3179,17.8021
"IS36052","Dravidian",78.7024,16.4529
"IS36058","Indo-European",79.5153,16.4708
"IS36060","Dravidian",78.7024,16.4529
"IS36081","Dravidian",78.7024,16.4529
"IS36088","Dravidian",80.2,18.75
"IS36100","Indo-European",73.287713,18.20687
"IS36239","Indo-European",77.9427,9.99172
"IS36247","Dravidian",78.825989,10.520219
"IS36317","Dravidian",76.1198,13.5878
"IS36324","Indo-European",76.9717,16.5734
"IS36329","Indo-European",76.9717,16.5734
"IS36336","Indo-European",76.9717,16.5734
"IS36342","Indo-European",76.9717,16.5734
"IS36398","Indo-European",79.5335,12.215
"IS36401","Dravidian",79.95209,12.70645
"IS36403","Indo-European",79.5335,12.215
"IS36404","Indo-European",79.5335,12.215
"IS36450","Indo-European",80.0171,29.5622
"IS36452","Dravidian",77.093,8.45063
"IS37124","Atlantic-Congo",25.814035,-17.309869
"IS37125","Atlantic-Congo",24.7649,-14.8513
"IS37127","Atlantic-Congo",25.814035,-17.309869
"IS37128","Atlantic-Congo",24.3751,-16.9575
"IS37129","Atlantic-Congo",24.3751,-16.9575
"IS37133","Atlantic-Congo",22.6455,-15.7434
"IS37134","Atlantic-Congo",22.67,-15.01
"IS37135","Atlantic-Congo",22.2437,-14.0648
"IS37136","Khoe-Kwadi",22.599835,-16.59051
"IS37140","Atlantic-Congo",22.67,-15.01
"IS37146","Atlantic-Congo",20.6678,-18.1681
"IS37203","Sign Language",77.107525,16.843564
"IS37234","Indo-European",76.9717,16.5734
"IS37569","Afro-Asiatic",42.1332,9.30485
"IS37746","Blue Nile Mao",34.6522,9.82554
"IS37978","Afro-Asiatic",42.1332,9.30485
"IS38021","Ta-Ne-Omotic",35.9498,7.74852
"IS38026","Afro-Asiatic",38.8352,12.4479
"IS38159","Afro-Asiatic",41.8083,12.2281
"IS38683","Afro-Asiatic",38.8352,12.4479
"IS39453","Afro-Asiatic",38.8352,12.4479
"IS39462","Sign Language",38.8534,8.9761
"IS39463","Unattested",35.63369,11.94153
"IS39474","Blue Nile Mao",34.60448,9.38875
"IS39496","Afro-Asiatic",37.7577,7.57377
"IS39525","Afro-Asiatic",36.6916,10.9819
"IS39672","Afro-Asiatic",9.71748,9.69441
"IS39677","Atlantic-Congo",10.5872,8.64125
"IS39713","Atlantic-Congo",8.47328,8.95791
"IS39764","Atlantic-Congo",5.07897,11.8081
"IS39778","Atlantic-Congo",5.07897,11.8081
"IS39780","Afro-Asiatic",13.61,11.77
"IS39783","Atlantic-Congo",4.88739,9.60496
"IS39791","Atlantic-Congo",5.07897,11.8081
"IS39797","Afro-Asiatic",12.360552,12.188285
"IS39810","Bookkeeping",12.8757,9.76068
"IS39814","Afro-Asiatic",11.4953,10.7074
"IS39815","Afro-Asiatic",12.902,10.8977
"IS39819","Afro-Asiatic",11.9035,11.5007
"IS39913","Atlantic-Congo",31.3493,0.95294
"IS39915","Atlantic-Congo",32.15153,0.66884
"IS40005","Sign Language",32.4829,0.2475
"IS4003","Indo-European",76.0432,29.0166
"IS40033","Atlantic-Congo",8.96594,7.83859
"IS40034","Atlantic-Congo",8.52085,8.34986
"IS40036","Sign Language",4.72799,7.78559
"IS40215","Indo-European",74.2098,15.2732
"IS40272","Indo-European",74.2098,15.2732
"IS40306","Dravidian",76.1198,13.5878
"IS40307","Dravidian",76.1198,13.5878
"IS40324","Dravidian",76.1198,13.5878
"IS40325","Dravidian",76.1198,13.5878
"IS40329","Dravidian",76.1198,13.5878
"IS40373","Sign Language",32.4829,0.2475
"IS4064","Indo-European",76.198,26.473
"IS40729","Bookkeeping",74.438,20.625
"IS40730","Bookkeeping",74.438,20.625
"IS40757","Indo-European",75.38,19.48
"IS40771","Dravidian",77.1673,19.8838
"IS40791","Bookkeeping",73.5713,20.5657
"IS40803","Indo-European",74.9104,18.3068
"IS40819","Indo-European",74.71,19.18
"IS40822","Indo-European",74.71,19.18
"IS40824","Indo-European",74.71,19.18
"IS40841","Indo-European",75,18
"IS4127","Indo-European",74.7355,25.6999
"IS4207","Indo-European",75.8366,24.8546
"IS4246","Bookkeeping",80.9619,24.0622
"IS4248","Indo-European",81.3742,20.3081
"IS4254","Indo-European",76.1264,22.1263
"IS4269","Austroasiatic",77.5541,21.8358
"IS4277","Austroasiatic",84.1907,22.5904
"IS4307","Unattested",75.8519,25.5399
"IS4308","Indo-European",77,25
"IS4332","Indo-European",78.2187,25.8583
"IS4339","Indo-European",78.97,26.61
"IS4347","Indo-European",78.0813,26.4758
"IS4378","Indo-European",77,25
"IS4405","Indo-European",78.9542,24.8982
"IS4489","Bookkeeping",74.5977,23.7425
"IS4543","Indo-European",75.717,18.5919
"IS4734","Indo-European",71.0962,22.687
"IS4758","Indo-European",71.0962,22.687
"IS4788","Indo-European",71.0962,22.687
"IS4798","Indo-European",73.218,21.5161
"IS4809","Indo-European",73.186,22.309
"IS4855","Indo-European",73.1426,24.0712
"IS5125","Dravidian",79.2534,15.8787
"IS5134","Dravidian",80.7807,16.1026
"IS5139","Indo-European",79.5153,16.4708
"IS5158","Dravidian",81.9748,17.3702
"IS5166","Dravidian",83.378,18.276
"IS5177","Bookkeeping",84.1414,18.7302
"IS5194","Dravidian",81.2096,17.6772
"IS5219","Dravidian",78.7024,16.4529
"IS5233","Dravidian",78.5936,19.6908
"IS5257","Indo-European",77.7156,19.4734
"IS5282","Dravidian",78.7024,16.4529
"IS5313","Dravidian",83.6749,20.0962
"IS5325","Indo-European",83.799,22.245
"IS5326","Austroasiatic",84.4712,22.0122
"IS5328","Indo-European",84.9463,20.8954
"IS5335","Indo-European",84.9463,20.8954
"IS5339","Austroasiatic",85.804,22.552
"IS5348","Austroasiatic",86.7445,22.1698
"IS5404","Indo-European",79.5335,12.215
"IS5409","Dravidian",78.825989,10.520219
"IS5456","Dravidian",76.5586,10.4468
"IS5464","Dravidian",76.485573,9.594709
"IS5469","Dravidian",74.86354,13.64667
"IS5491","Dravidian",75.82,13.244
"IS5499","Dravidian",77.2211,11.9458
"IS5689","Austroasiatic",83.8454,23.5757
"IS5788","Indo-European",78.9542,24.8982
"IS5804","Indo-European",78.9542,24.8982
"IS5815","Indo-European",78.2187,25.8583
"IS5818","Bookkeeping",80.842,22.7174
"IS5824","Dravidian",82.9615,23.7062
"IS5832","Indo-European",81.9101,20.5342
"IS5839","Bookkeeping",80.842,22.7174
"IS5855","Unattested",79.7773,22.1666
"IS5900","Indo-European",83.1071,22.3429
"IS5928","Indo-European",82.251,24.5271
"IS5980","Bookkeeping",80.9619,24.0622
"IS5995","Indo-European",78.9542,24.8982
"IS6004","Indo-European",75.1972,33.24364
"IS6024","Indo-European",75.06,31.4
"IS6035","Indo-European",75.6702,30.0368
"IS6095","Indo-European",78.97,26.61
"IS6099","Indo-European",79.2883,27.1074
"IS6106","Sign Language",79.6787,27.5186
"IS6116","Indo-European",82.4663,27.5907
"IS6146","Unattested",82.297,24.5024
"IS6150","Indo-European",82.251,24.5271
"IS6152","Indo-European",85.3335,25.0915
"IS6165","Indo-European",81.7761,27.8834
"IS6169","Indo-European",76.0432,29.0166
"IS6191","Sign Language",79.6787,27.5186
"IS6192","Indo-European",80.8931,28.5867
"IS6203","Indo-European",79.4233,29.0853
"IS6206","Indo-European",82.4663,27.5907
"IS6208","Indo-European",82.4663,27.5907
"IS6210","Unattested",75.8519,25.5399
"IS6215","Indo-European",76.0432,29.0166
"IS6222","Indo-European",79.4233,29.0853
"IS6227","Indo-European",79.0686,29.8692
"IS6230","Indo-European",85.7966,23.447
"IS6236","Sign Language",88.394224,22.606042
"IS6243","Sign Language",88.394224,22.606042
"IS6245","Austroasiatic",87.479,23.234
"IS6249","Austroasiatic",87.479,23.234
"IS6255","Austroasiatic",86.7445,22.1698
"IS6259","Austroasiatic",88.337,24.5318
"IS6266","Sino-Tibetan",88.975,26.67
"IS6276","Indo-European",77.144,31.016
"IS6282","Indo-European",75.6702,30.0368
"IS6294","Indo-European",75.6702,30.0368
"IS6321","Indo-European",76.0432,29.0166
"IS6329","Indo-European",77.9084,30.5587
"IS6331","Indo-European",75.6702,30.0368
"IS7069","Afro-Asiatic",33.3179,17.8021
"IS7304","Afro-Asiatic",11.2108,12.0048
"IS7312","Afro-Asiatic",11.3367,12.803
"IS7343","Afro-Asiatic",11.0178,12.1051
"IS7348","Afro-Asiatic",11.3367,12.803
"IS7360","Afro-Asiatic",11.0178,12.1051
"IS7367","Sign Language",3.16664,6.49997
"IS7386","Atlantic-Congo",11.2712,10.0602
"IS7389","Afro-Asiatic",10.11454,9.49679
"IS7403","Atlantic-Congo",9.74302,7.02128
"IS7408","Atlantic-Congo",9.44447,7.75865
"IS7411","Atlantic-Congo",7.71639,7.97915
"IS7418","Atlantic-Congo",8.20974,4.68739
"IS7419","Atlantic-Congo",10.2006,6.9415
"IS7424","Atlantic-Congo",11.9603,8.4809
"IS7428","Atlantic-Congo",7.97913,9.05454
"IS7447","Songhay",3.49109,11.6682
"IS7469","Atlantic-Congo",6.01979,7.52206
"IS7480","Atlantic-Congo",9.36028,6.4491
"IS7486","Atlantic-Congo",7.17974,7.34325
"IS7490","Afro-Asiatic",10.6557,12.789
"IS7492","Unattested",14,12.25
"IS7506","Atlantic-Congo",8.27362,6.95522
"IS7508","Atlantic-Congo",6.79456,10.1487
"IS7535","Atlantic-Congo",4.8387,11.5319
"IS7643","Atlantic-Congo",6.3731,9.0611
"IS7689","Atlantic-Congo",5.26544,11.4653
"IS7696","Atlantic-Congo",6.61686,10.2077
"IS7702","Atlantic-Congo",5.7261,10.8083
"IS7704","Atlantic-Congo",6.58105,9.94207
"IS7763","Atlantic-Congo",7.06183,8.15516
"IS7773","Unattested",8.09838,10.5776
"IS7792","Atlantic-Congo",10.9499,7.25555
"IS7802","Afro-Asiatic",9.63992,11.0119
"IS7806","Atlantic-Congo",6.48559,5.78892
"IS7812","Atlantic-Congo",7.21391,9.1006
"IS7825","Atlantic-Congo",7.59566,9.40519
"IS7834","Atlantic-Congo",8.90959,5.54442
"IS7835","Atlantic-Congo",11.2952,8.81345
"IS7836","Atlantic-Congo",6.59202,6.4974
"IS7843","Atlantic-Congo",5.40031,9.18404
"IS7845","Atlantic-Congo",3.67225,7.15345
"IS7849","Mande",3.80058,9.52724
"IS7887","Atlantic-Congo",4.62395,10.77046
"IS7892","Atlantic-Congo",6.3146,5.00894
"IS7920","Pidgin",8.615,12.584
"IS7923","Atlantic-Congo",5.07897,11.8081
"IS7948","Mande",4.41464,11.2752
"IS7995","Atlantic-Congo",5.26544,11.4653
"IS8310","Indo-European",69.9423,24.486
"IS8861","Atlantic-Congo",35.8035,-2.19303
"IS9115","Atlantic-Congo",31.4846,-1.70878
"IS9720","Tamaic",22.69,14.16
"IS14719","Ta-Ne-Omotic",37.5554,6.25237
"IS17941","Indo-European",76.198,26.473
"IS17980","Indo-European",77,20
"IS18948","Indo-European",77.56,27.46
"IS19859","Indo-European",78.9542,24.8982
"IS19975","Indo-European",-15.33254,13.2335066667
"IS21083","Atlantic-Congo",34.6166,0.07523
"IS21512","Atlantic-Congo",34.991,-16.6183
"IS21645","Atlantic-Congo",34.991,-16.6183
"IS2205","Indo-European",76.947,27.736
"IS22239","Atlantic-Congo",24.7587,-24.368
"IS22609","Indo-European",81.2618,6.97396
"IS22720","Afro-Asiatic",43.6182,3.22288
"IS22799","Afro-Asiatic",45.152856,4.778704
"IS22986","Narrow Talodi",30.4815,10.6453
"IS23216","Atlantic-Congo",31.3544,-15.3946
"IS23514","Surmic",34.563102,8.216287
"IS23521","Surmic",34.563102,8.216287
"IS23579","Surmic",34.563102,8.216287
"IS23586","Surmic",34.563102,8.216287
"IS23644","Indo-European",-15.33254,13.2335066667
"IS23684","Atlantic-Congo",37.2437,-16.0381
"IS24348","Indo-European",74.827,21.43
"IS25548","Atlantic-Congo",28.8624,-1.99975
"IS25732","Mande",-9.96404,14.0546
"IS25836","Mande",-9.96404,14.0546
"IS25989","Atlantic-Congo",-6.37129,10.4867
"IS26025","Atlantic-Congo",-5.87709,11.632
"IS26222","Atlantic-Congo",0.159565,10.9496
"IS27557","Atlantic-Congo",-2.59229,12.4305
"IS27697","Atlantic-Congo",-12.3331,8.90294
"IS27887","Atlantic-Congo",29.4718,-24.7993
"IS27912","Tuu",30.4028,-26.3407
"IS29091","Afro-Asiatic",45,15
"IS29100","Sign Language",44.200281,15.354531
"IS29187","Atlantic-Congo",31.5,-26
"IS29233","Tuu",30.4028,-26.3407
"IS29358","Sign Language",27.50772,-29.36985
"IS29392","Sign Language",27.50772,-29.36985
"IS29441","Atlantic-Congo",27.94815,-30.42311
"IS29468","Atlantic-Congo",27.94815,-30.42311
"IS29565","Sign Language",27.50772,-29.36985
"IS29689","Atlantic-Congo",33.1739,-20.1239
"IS29714","Atlantic-Congo",33.1739,-20.1239
"IS29733","Indo-European",30,-22
"IS29772","Atlantic-Congo",32.8052,-18.1927
"IS29950","Indo-European",30,-22
"IS30079","Khoe-Kwadi",26.9638,-19.7974
"IS30092","Atlantic-Congo",27.401,-21.2887
"IS30231","Sign Language",31.0216,-17.9128
"IS30572","Sign Language",14.315833,10.597222
"IS30838","Afro-Asiatic",13.5657,10.1414
"IS31043","Kuliak",33.73651,3.4997
"IS31186","Nilotic",33.2116,1.74748
"IS31446","Atlantic-Congo",29.8696,0.32395
"IS31557","Atlantic-Congo",30.4894,-3.77873
"IS31706","Afro-Asiatic",45.6411,13.6555
"IS31714","Sign Language",44.200281,15.354531
"IS32245","Sign Language",44.200281,15.354531
"IS32349","Indo-European",82.24055,19.26078
"IS32439","Bookkeeping",86.7694,25.0461
"IS32754","Afro-Asiatic",44.6862,2.29633
"IS33023","Atlantic-Congo",32.94452,-5.08559
"IS33844","Dravidian",76.0003,18.3859
"IS4060","Indo-European",77.56,27.46
"IS4092","Indo-European",76.198,26.473
"IS4360","Unclassifiable",77.2213,25.2977
"IS4372","Indo-European",75.562,23.488
"IS4515","Indo-European",75.38,19.48
"IS4581","Dravidian",76.0003,18.3859
"IS4698","Indo-European",73.994,18.404
"IS5094","Dravidian",76.1198,13.5878
"IS5295","Dravidian",83.6749,20.0962
"IS5301","Austroasiatic",84.19,19.1213
"IS5386","Dravidian",76.8007,10.8519
"IS5667","Indo-European",74.2098,15.2732
"IS5919","Bookkeeping",81.33599,23.43055
"IS7305","Saharan",13.13,11.8
"IS7310","Afro-Asiatic",11.2322,11.4839
"IS7679","Atlantic-Congo",12.416214,9.006331
"IS7957","Mande",4.41464,11.2752
"IS8777","Atlantic-Congo",32.4179,1.41726
"IS8916","Atlantic-Congo",34.0335,0.3652
"IS9108","Afro-Asiatic",34.7552,-0.183215
"IS10876","Atlantic-Congo",8.3082,9.75568
"IS1398","Kadugli-Krongo",30.003,10.514
"IS14449","Unattested",35.63369,11.94153
"IS14478","Nilotic",32.3829,8.13911
"IS14556","Afro-Asiatic",35.9888,4.58879
"IS14735","Afro-Asiatic",37.53,5.39111
"IS19016","Furan",23.6401,12.0455
"IS19685","Dravidian",80.7006,20.2384
"IS19847","Indo-European",78.9542,24.8982
"IS19953","Atlantic-Congo",-13.4482,13.8694
"IS20016","Atlantic-Congo",-14.4527,13.5269
"IS20064","Mande",-11.7178,13.1273
"IS21124","Nilotic",34.4896,-0.93296
"IS21126","Atlantic-Congo",34.1033,-0.95719
"IS21401","Atlantic-Congo",32.8108,-14.8047
"IS21425","Atlantic-Congo",35.5767,-16.2681
"IS21991","Dravidian",78.5936,19.6908
"IS22040","Dravidian",78.7024,16.4529
"IS22074","Indo-European",76.9717,16.5734
"IS22282","Atlantic-Congo",27.42009,-23.40552
"IS22291","Atlantic-Congo",27.42009,-23.40552
"IS22325","Khoe-Kwadi",23.998153,-19.180953
"IS22330","Atlantic-Congo",24.7587,-24.368
"IS22334","Khoe-Kwadi",21.9431,-22.2708
"IS22909","Nubian",30.2709,12.1554
"IS23048","Furan",23.6401,12.0455
"IS23100","Atlantic-Congo",34.6657,-5.12263
"IS23142","Atlantic-Congo",35.7255,-7.71572
"IS23166","Atlantic-Congo",35.4807,-6.35951
"IS23178","Pidgin",28.6923,-15.6067
"IS23601","Surmic",34.563102,8.216287
"IS23666","Atlantic-Congo",-15.835,13.213
"IS23669","Atlantic-Congo",-15.835,13.213
"IS24713","Atlantic-Congo",8.61443,9.73073
"IS24775","Afro-Asiatic",13.6437,10.8933
"IS25055","Atlantic-Congo",-1.35467,9.75577
"IS25702","Mande",-9.96404,14.0546
"IS25733","Mande",-9.96404,14.0546
"IS25848","Mande",-9.49151,13.1798
"IS26110","Afro-Asiatic",-2.41269,14.2038
"IS26198","Atlantic-Congo",0.06121,10.4575
"IS26224","Atlantic-Congo",0.56021,10.2839
"IS27146","Atlantic-Congo",33.1739,-20.1239
"IS27164","Sign Language",31.0216,-17.9128
"IS27287","Mande",-0.78772,13.7206
"IS27490","Mande",-3.58355,12.7178
"IS27587","Afro-Asiatic",14.9611,11.3555
"IS27599","Afro-Asiatic",14.6343,12.0551
"IS27855","Atlantic-Congo",31.8105,-23.5754
"IS29310","Atlantic-Congo",31.5,-26
"IS29407","Sign Language",27.50772,-29.36985
"IS29496","Atlantic-Congo",27.94815,-30.42311
"IS29798","Atlantic-Congo",31.621,-16.0167
"IS29870","Atlantic-Congo",27.401,-21.2887
"IS29911","Atlantic-Congo",27.4096,-20.2513
"IS30175","Atlantic-Congo",32.8052,-18.1927
"IS30205","Atlantic-Congo",33.1739,-20.1239
"IS30619","Central Sudanic",15,12.5
"IS30748","Afro-Asiatic",14.0964,11.0206
"IS31179","Atlantic-Congo",34.2829,1.05906
"IS31195","Atlantic-Congo",34.337012,1.280475
"IS31202","Atlantic-Congo",33.3942,0.40456
"IS31299","Atlantic-Congo",29.9122,-1.04387
"IS31533","Atlantic-Congo",31.0681,-2.97663
"IS31559","Atlantic-Congo",29.97,-2.94
"IS31852","Afro-Asiatic",45.6411,13.6555
"IS31861","Afro-Asiatic",45.6411,13.6555
"IS32050","Sign Language",44.200281,15.354531
"IS32092","Afro-Asiatic",48.6524,15.4468
"IS32454","Indo-European",85.3335,25.0915
"IS32569","Afro-Asiatic",43.6182,3.22288
"IS33173","Afro-Asiatic",14.188038,12.35762
"IS33178","Afro-Asiatic",14.44451,10.55798
"IS33209","Afro-Asiatic",14.4674,10.9078
"IS33261","Atlantic-Congo",14.8697,10.0144
"IS3443","Kadugli-Krongo",30.4128,10.6378
"IS3511","Dajuic",29.8053,11.1739
"IS3885","Sign Language",-8.00136,12.651
"IS4027","Indo-European",75.0656,27.002
"IS4285","Austroasiatic",77.5541,21.8358
"IS4726","Indo-European",71.0962,22.687
"IS4776","Indo-European",71.0962,22.687
"IS4821","Indo-European",73.187,22.306
"IS5106","Dravidian",79.2534,15.8787
"IS5622","Indo-European",76.9717,16.5734
"IS5720","Dravidian",86.46568,24.46442
"IS5867","Indo-European",79.239,21.797
"IS5910","Austroasiatic",83.4562,21.5721
"IS5972","Bookkeeping",80.9619,24.0622
"IS6094","Indo-European",78.9542,24.8982
"IS6154","Indo-European",84.6301,26.7251
"IS6193","Sign Language",79.6787,27.5186
"IS6413","Indo-European",74.2098,15.2732
"IS7277","Atlantic-Congo",10.58,8.001
"IS7314","Saharan",13.157959,11.852298
"IS7463","Atlantic-Congo",12.2439,9.60769
"IS7620","Atlantic-Congo",6.3731,9.0611
"IS7722","Atlantic-Congo",5.07897,11.8081
"IS7861","Atlantic-Congo",6.35806,8.48437
"IS7889","Mande",3.71771,10.5189
"IS7958","Mande",3.58651,11.5953
"IS9597","Pidgin",8.615,12.584
"IS9713","Unattested",35.63369,11.94153
"IS9911","Kadugli-Krongo",29.3463,11.0174
"PI533789","Nubian",30.6782,12.474
"PI533839","Sign Language",7.71578,11.06693
"PI533876","Pidgin",8.4331,11.989
"PI533882","Afro-Asiatic",9.32363,11.1701
"PI533985","Tamaic",22.69,14.16
"PI533991","Nilotic",32.6641,4.16379
"PI534079","Afro-Asiatic",10.11454,9.49679
"PI534088","Sign Language",7.71578,11.06693
"PI534092","Pidgin",8.4331,11.989
"PI534115","Surmic",34.563102,8.216287
"PI534127","Afro-Asiatic",37.7968,7.94883
"PI534128","Pidgin",38.7631,8.96543
"PI534133","Afro-Asiatic",39.543456,11.708182
"PI576359","Bookkeeping",79.6232,21.3532
"PI576364","Indo-European",77.144,31.016
"PI576366","Indo-European",82.4663,27.5907
"PI576390","Indo-European",75,18
"PI576425","Afro-Asiatic",42.1332,9.30485
"PI576435","Indo-European",75,18
"PI597950","Dravidian",87.2699,24.1217
"PI597964","Surmic",34.563102,8.216287
